unit_id,source_category,ticket_id,quality,customer_message,answer_text
t01_good,Billing and Payments,1,good,"Hi, this is {{NAME}}. A billing error was encountered with the investment analytics services, which might be related to system integration problems. Upon review of the transaction logs, a discrepancy was confirmed.","We found the discrepancy -- a duplicate charge from a delayed batch job. We've reversed the extra charge; you'll see a credit within 3-5 business days, and your next invoice will reflect the corrected total. Let us know if the credit hasn't posted by end of week."
t01_bad,Billing and Payments,1,bad,"Hi, this is {{NAME}}. A billing error was encountered with the investment analytics services, which might be related to system integration problems. Upon review of the transaction logs, a discrepancy was confirmed.","Thanks for the report -- billing discrepancies like this usually sort themselves out once the next cycle processes. I don't see anything specific in the log on our end yet, but I've flagged the account for a closer look."
t02_good,Billing and Payments,2,good,"Hi, this is {{NAME}}. Hello customer support team, I am interested in subscribing to your service and would like to know more about the different payment options available. Could you please inform me if you accept credit cards, PayPal, or bank transfers? Additionally, I would appreciate information on any discounts or promotions for annual subscriptions, as well as details on any additional fees related to specific payment methods. I look forward to your response and any further information you can provide. Thank you for your assistance, and I am excited about the prospect of becoming a subscriber to your service.","We accept credit card, PayPal, and bank transfer. Annual subscriptions get 15% off versus monthly billing, and there's a flat $2 processing fee only on bank transfers -- cards and PayPal have none. You can pick your plan and payment method on the Billing page under Account Settings."
t02_bad,Billing and Payments,2,bad,"Hi, this is {{NAME}}. Hello customer support team, I am interested in subscribing to your service and would like to know more about the different payment options available. Could you please inform me if you accept credit cards, PayPal, or bank transfers? Additionally, I would appreciate information on any discounts or promotions for annual subscriptions, as well as details on any additional fees related to specific payment methods. I look forward to your response and any further information you can provide. Thank you for your assistance, and I am excited about the prospect of becoming a subscriber to your service.","Good question! We support a handful of payment methods and run promotions from time to time. Pricing pages get updated fairly often, so your best bet is checking there directly, or reaching back out closer to when you're ready to sign up."
t03_good,Customer Service,3,good,"Hi, this is {{NAME}}. Customer Support, I am submitting a request for enhancements in security measures related to medical data management at our hospital. Ensuring compliance and data integrity are crucial in the healthcare industry. I propose the implementation of advanced encryption methods, regular security audits, and staff training in data protection practices. Additionally, it would be beneficial to establish an incident response plan and conduct regular penetration testing to identify vulnerabilities. I believe these measures will significantly enhance our security protocols.","We can implement all four: AES-256 encryption at rest and in transit rolling out within 2 weeks, quarterly third-party security audits, mandatory annual HIPAA staff training with enrollment links sent separately, and a documented incident response plan drafted with your compliance lead by end of month. I'll set up a kickoff call to confirm scope."
t03_bad,Customer Service,3,bad,"Hi, this is {{NAME}}. Customer Support, I am submitting a request for enhancements in security measures related to medical data management at our hospital. Ensuring compliance and data integrity are crucial in the healthcare industry. I propose the implementation of advanced encryption methods, regular security audits, and staff training in data protection practices. Additionally, it would be beneficial to establish an incident response plan and conduct regular penetration testing to identify vulnerabilities. I believe these measures will significantly enhance our security protocols.","This is a solid list -- honestly a lot of what larger accounts end up asking for. Encryption, audits, training, all things we take seriously. I'll need someone from the security side to weigh in before committing to specifics, so I've looped them in."
t04_good,Customer Service,4,good,"Hi, this is {{NAME}}. Noticing a decrease in brand engagement and visibility through digital marketing efforts. This may be due to recent algorithm changes rendering campaigns less effective. So far, attempts to adjust ad spend and optimize content have shown some improvement. I am requesting your help to identify the root cause of the issue and offer suggestions for improvement. Could you please assist in analyzing our current strategies and suggesting changes to boost our online presence?","Pulling your account data, the drop lines up with the recent algorithm update deprioritizing static image posts -- accounts using video saw no decline. Recommend shifting 60% of your content mix to short-form video over the next 3 weeks; I've attached a content calendar template and can review your first draft before it goes live."
t04_bad,Customer Service,4,bad,"Hi, this is {{NAME}}. Noticing a decrease in brand engagement and visibility through digital marketing efforts. This may be due to recent algorithm changes rendering campaigns less effective. So far, attempts to adjust ad spend and optimize content have shown some improvement. I am requesting your help to identify the root cause of the issue and offer suggestions for improvement. Could you please assist in analyzing our current strategies and suggesting changes to boost our online presence?","Hard to say for certain without digging deeper -- could be algorithm-related, could be seasonal, could be creative fatigue setting in. Sounds like you're already testing a few things, which is the right instinct. I'd give it a bit more time before drawing conclusions."
t05_good,General Inquiry,5,good,"Hi, this is {{NAME}}. I would like to inquire about the possibility of incorporating webcam and hardware device compatibility into the project management software as a service (SaaS) platform to boost collaboration functionalities and user satisfaction.","Yes -- our SaaS plan supports webcam and external hardware device integration via the Devices panel under Settings > Integrations > Hardware. It supports most USB and Bluetooth webcams out of the box; if yours isn't auto-detected, send me the model number and I'll confirm compatibility."
t05_bad,General Inquiry,5,bad,"Hi, this is {{NAME}}. I would like to inquire about the possibility of incorporating webcam and hardware device compatibility into the project management software as a service (SaaS) platform to boost collaboration functionalities and user satisfaction.","Appreciate you sending this over. Hardware support is one of those areas where priorities shift depending on demand, so I can't promise a timeline. I'll add your use case to the list of similar requests we're tracking."
t06_good,General Inquiry,6,good,"Hi, this is {{NAME}}. Currently facing data inconsistency problems across our marketing analytics tools. This might be due to recent software updates or integration flaws. We have already attempted system restarts and reconfigured data links, but the issue remains unresolved. Our team is actively working on resolving the problem and needs further assistance to ensure data accuracy and prevent future discrepancies. Could you please offer guidance on how to troubleshoot and resolve this issue as soon as possible?",This matches a known issue with the recent update's data connector -- it's dropping rows during the nightly sync. Our team shipped a hotfix this morning; please update and re-run last night's sync manually from Settings > Data Sync > Re-run. That should restore the missing records within the hour.
t06_bad,General Inquiry,6,bad,"Hi, this is {{NAME}}. Currently facing data inconsistency problems across our marketing analytics tools. This might be due to recent software updates or integration flaws. We have already attempted system restarts and reconfigured data links, but the issue remains unresolved. Our team is actively working on resolving the problem and needs further assistance to ensure data accuracy and prevent future discrepancies. Could you please offer guidance on how to troubleshoot and resolve this issue as soon as possible?","That sounds frustrating, especially with the update timing lining up so closely. Post-update sync issues aren't unheard of. Since restarts and reconfiguring haven't done it, I'd give it a little longer -- these sometimes clear up once caches finish resetting across the system."
t07_good,Human Resources,7,good,"Hi, this is {{NAME}}. I am contacting you to inquire about integrating Asana with Redis 6.2 to enhance our investment data analytics. Could you direct me to any resources or documentation that detail the best practices for this integration? I would greatly appreciate any information that could assist me in initiating this project. Specifically, I am seeking advice on how to configure Asana and Redis to operate effectively together.","Asana doesn't have a native Redis connector, but our REST API plus a lightweight webhook relay handles it well -- here's our integration guide with a working example for pushing Asana task data into Redis in real time. Configuration takes about 20 minutes; happy to walk through it on a call."
t07_bad,Human Resources,7,bad,"Hi, this is {{NAME}}. I am contacting you to inquire about integrating Asana with Redis 6.2 to enhance our investment data analytics. Could you direct me to any resources or documentation that detail the best practices for this integration? I would greatly appreciate any information that could assist me in initiating this project. Specifically, I am seeking advice on how to configure Asana and Redis to operate effectively together.","That's a fairly specific combination, so I don't have a ready-made answer for you. Our docs cover the more common integrations -- there might be something adjacent in there that helps even if it's not an exact match."
t08_good,Human Resources,8,good,"Hi, this is {{NAME}}. We are encountering integration problems with ActiveCampaign, Discord, and project management SaaS. This may be related to recent API updates. We have already verified API keys and adjusted settings, but the issue persists. We need assistance to resolve this problem.","Found it -- the recent API update requires OAuth2 tokens instead of the old API keys, so your existing keys silently stopped authenticating. Go to Settings > Integrations > Reconnect for both ActiveCampaign and Discord to generate new OAuth tokens; that will restore the sync immediately."
t08_bad,Human Resources,8,bad,"Hi, this is {{NAME}}. We are encountering integration problems with ActiveCampaign, Discord, and project management SaaS. This may be related to recent API updates. We have already verified API keys and adjusted settings, but the issue persists. We need assistance to resolve this problem.",API hiccups after an update are genuinely one of the trickier things to diagnose remotely. Good that you've already checked the keys and settings -- that rules out the obvious culprit. I'll keep this open on our end in case other accounts report the same thing.
t09_good,IT Support,9,good,"Hi, this is {{NAME}}. Hello Customer Support, I am reaching out to inquire about how to optimize our digital marketing strategies using GitHub. Could you provide detailed information on how effectively utilizing GitHub can enhance our online presence and reach a wider audience? I am very interested in learning about the tools and features that GitHub offers to support our digital marketing efforts. Specifically, I would like to know how we can leverage GitHub to improve our website's visibility, drive more traffic, and increase engagement with our target audience. I appreciate your time and assistance. Looking forward to your response.","GitHub itself isn't a marketing channel, but GitHub Pages plus a well-tagged README and topics setup significantly boosts discoverability in GitHub and Google search. I'd recommend enabling Pages for a project landing page, adding relevant topics to your repo, and cross-posting release notes to your blog. Happy to review your repo setup directly."
t09_bad,IT Support,9,bad,"Hi, this is {{NAME}}. Hello Customer Support, I am reaching out to inquire about how to optimize our digital marketing strategies using GitHub. Could you provide detailed information on how effectively utilizing GitHub can enhance our online presence and reach a wider audience? I am very interested in learning about the tools and features that GitHub offers to support our digital marketing efforts. Specifically, I would like to know how we can leverage GitHub to improve our website's visibility, drive more traffic, and increase engagement with our target audience. I appreciate your time and assistance. Looking forward to your response.","GitHub's mostly built for code, so it's not the first tool I'd reach for on the marketing side, though plenty of teams get creative with it. I don't have a playbook specific to your situation, but it might be worth browsing how comparable companies have approached it."
t10_good,IT Support,10,good,"Hi, this is {{NAME}}. There have been unauthorized access attempts on medical data within the hospital's systems. This might have occurred due to weak password policies and phishing attempts. We have already updated the passwords, enabled multi-factor authentication, and conducted staff training on cybersecurity awareness to prevent future incidents.","Good news -- with MFA now enabled and passwords rotated, the access attempts in the logs are all being blocked at the auth layer as of this morning. I've also added your domain to our phishing-simulation monitoring so future attempts get flagged before reaching staff inboxes. I'll send a follow-up report in 48 hours confirming no further attempts got through."
t10_bad,IT Support,10,bad,"Hi, this is {{NAME}}. There have been unauthorized access attempts on medical data within the hospital's systems. This might have occurred due to weak password policies and phishing attempts. We have already updated the passwords, enabled multi-factor authentication, and conducted staff training on cybersecurity awareness to prevent future incidents.","You've clearly already done the right things here -- new passwords, MFA, staff training. That covers most of what we'd typically suggest. I don't have deeper visibility into the specific access logs from where I sit, but it sounds like things are in reasonable shape."
t11_good,Product Support,11,good,"Hi, this is {{NAME}}. The Data Analytics dashboard has encountered a failure to load, which may be due to server overload or an connectivity issue.","Confirmed it's a server overload issue on our end -- one of our processing nodes hit capacity around the time you reported this. We've rebalanced the load and the dashboard should load normally now; can you refresh and confirm? If it's still failing, let me know and I'll escalate immediately."
t11_bad,Product Support,11,bad,"Hi, this is {{NAME}}. The Data Analytics dashboard has encountered a failure to load, which may be due to server overload or an connectivity issue.","Hmm, that's odd. Could be on our infrastructure side or something local to your connection. If it happens again, a screenshot of any error message would help narrow it down -- for now I'd just try again shortly."
t12_good,Product Support,12,good,"Hi, this is {{NAME}}. Asking for an update on the integration capabilities and enhanced compatibility for DataRobot Redis 6.2 within the project management software to improve performance.",DataRobot's Redis 6.2 connector is fully compatible with our platform as of the latest release -- no extra config needed beyond adding your Redis connection string in Settings > Integrations > DataRobot. Expect roughly 30% faster query times versus the previous connector version.
t12_bad,Product Support,12,bad,"Hi, this is {{NAME}}. Asking for an update on the integration capabilities and enhanced compatibility for DataRobot Redis 6.2 within the project management software to improve performance.","We're actively working through the compatibility matrix for newer Redis versions, DataRobot included, but I don't want to give you a firm answer that turns out to be wrong. Check back with us in a few weeks and there should be more clarity."
t13_good,Returns and Exchanges,13,good,"Hi, this is {{NAME}}. I am contacting you to seek information on analytics tools that can be integrated with SAP ERP to optimize investments. Could you please furnish me with a list of compatible tools along with their featured capabilities? I would greatly appreciate any insights on how these tools can assist in investment optimization.","Three tools integrate cleanly with SAP ERP for investment optimization: SAP Analytics Cloud (native, no extra setup), Tableau (via the SAP HANA connector), and Power BI (via the SAP BW connector). I've attached a comparison sheet covering setup time and licensing cost for each."
t13_bad,Returns and Exchanges,13,bad,"Hi, this is {{NAME}}. I am contacting you to seek information on analytics tools that can be integrated with SAP ERP to optimize investments. Could you please furnish me with a list of compatible tools along with their featured capabilities? I would greatly appreciate any insights on how these tools can assist in investment optimization.","There's a decent ecosystem of tools that play well with SAP ERP -- really depends on what you're optimizing for. I don't want to steer you toward something that doesn't fit your setup without knowing more, so tell me a bit more about your priorities first."
t14_good,Returns and Exchanges,14,good,"Hi, this is {{NAME}}. I am contacting you to seek a refund and a replacement for the faulty devices and software licenses I received. The devices are not working as expected, and the software licenses are not compatible with my system. I would appreciate a refund for the damaged items and a quick replacement with suitable alternatives. Please find attached my purchase receipt for your records. Kindly inform me of the necessary steps to address this matter promptly.","Refund approved -- the full amount will be credited to your original payment method within 5-7 business days. For the devices, I've shipped compatible replacement units today with 2-day expedited shipping, and your incompatible software licenses have been swapped for the correct version with new activation keys already in your account."
t14_bad,Returns and Exchanges,14,bad,"Hi, this is {{NAME}}. I am contacting you to seek a refund and a replacement for the faulty devices and software licenses I received. The devices are not working as expected, and the software licenses are not compatible with my system. I would appreciate a refund for the damaged items and a quick replacement with suitable alternatives. Please find attached my purchase receipt for your records. Kindly inform me of the necessary steps to address this matter promptly.","That's frustrating to deal with, especially with mismatched licenses on top of it. I've got your receipt on file now. Refund and replacement requests typically go through a separate team, so it may take a little while before you hear back with next steps."
t15_good,Sales and Pre-Sales,15,good,"Hi, this is {{NAME}}. A data breach has been detected in the hospital's system, potentially compromising the security of patient medical data. Despite the implementation of additional security measures and software updates, the issue continues to persist. Immediate assistance is required to resolve this matter.","We've isolated the breach to a compromised third-party plugin and disabled it immediately -- no further unauthorized access is possible through that vector. A full forensic scope report will be in your inbox within 24 hours, and per HIPAA breach notification requirements we're drafting the required disclosure with you now. Calling you directly in the next 15 minutes to walk through next steps."
t15_bad,Sales and Pre-Sales,15,bad,"Hi, this is {{NAME}}. A data breach has been detected in the hospital's system, potentially compromising the security of patient medical data. Despite the implementation of additional security measures and software updates, the issue continues to persist. Immediate assistance is required to resolve this matter.","This is definitely the kind of thing we take seriously. I want whoever picks this up to have the full picture rather than have me guess at next steps, so I'm passing it along now. Someone should be in touch shortly."
t16_good,Sales and Pre-Sales,16,good,"Hi, this is {{NAME}}. Facing challenges with digital campaign engagement, despite recent efforts to adjust budgets and review analytics. The team feels that the current strategies might be outdated and need to align with current market trends. We would greatly appreciate your guidance on how to refresh our approach to improve engagement. Specifically, we would like recommendations and resources to help us better understand our audience and create more effective campaigns. We look forward to your assistance in resolving this issue. Thank you for your time and support.","Your audience data shows a shift toward younger demographics on video-first platforms over the past quarter -- that's likely why static-image, broad-targeting campaigns are underperforming. Recommend narrowing to 2-3 lookalike audiences based on your top converters and reallocating 40% of spend to short-form video ads. I've attached a sample audience and creative brief to get started."
t16_bad,Sales and Pre-Sales,16,bad,"Hi, this is {{NAME}}. Facing challenges with digital campaign engagement, despite recent efforts to adjust budgets and review analytics. The team feels that the current strategies might be outdated and need to align with current market trends. We would greatly appreciate your guidance on how to refresh our approach to improve engagement. Specifically, we would like recommendations and resources to help us better understand our audience and create more effective campaigns. We look forward to your assistance in resolving this issue. Thank you for your time and support.","Engagement dips are tough to diagnose from the outside -- audience fatigue, timing, creative, all possible factors. Sounds like your team's already testing a few angles, which is the right approach. I'd stay the course a bit longer before making bigger changes."
t17_good,Service Outages and Maintenance,17,good,"Hi, this is {{NAME}}. I am reaching out to request an urgent fix for the integration with Cassandra 4.0 and Monday.com in our project management software. The integration is currently causing problems, and we need a solution as soon as possible. Could you please review this issue and provide an estimated timeline for the fix? We highly appreciate your swift response to this matter.",Root cause: the new authentication protocol in your Cassandra version isn't yet supported by our Monday.com connector. A fix is scheduled to ship Thursday; in the meantime I can set you up with a temporary workaround using legacy auth mode so the integration keeps working today -- want me to enable that now?
t17_bad,Service Outages and Maintenance,17,bad,"Hi, this is {{NAME}}. I am reaching out to request an urgent fix for the integration with Cassandra 4.0 and Monday.com in our project management software. The integration is currently causing problems, and we need a solution as soon as possible. Could you please review this issue and provide an estimated timeline for the fix? We highly appreciate your swift response to this matter.","I hear the urgency here. Breakages between two actively-updated platforms are genuinely hard to predict or fix on a tight timeline. I don't have a date to give you yet, but I've marked this as high priority on our end."
t18_good,Service Outages and Maintenance,18,good,"Hi, this is {{NAME}}. The data analytics platform is encountering occasional failures, which might be caused by server overload during peak processing times. After restarting the servers and clearing the caches, the problem still persists. These outages are significantly disrupting our operations and require urgent help to address the issue.","We've identified the bottleneck -- your peak-time queries are hitting a single under-provisioned node. I've moved your workload to our high-capacity cluster effective now, which should eliminate the failures. I'll monitor for the next 48 hours and follow up to confirm it's fully stable."
t18_bad,Service Outages and Maintenance,18,bad,"Hi, this is {{NAME}}. The data analytics platform is encountering occasional failures, which might be caused by server overload during peak processing times. After restarting the servers and clearing the caches, the problem still persists. These outages are significantly disrupting our operations and require urgent help to address the issue.","Peak-time slowdowns are a common pattern industry-wide, and infrastructure fixes take a bit of runway. You've already done the standard troubleshooting, so at this point it's really on us to dig into the server side. I'll circle back once there's something concrete."
t19_good,Technical Support,19,good,"Hi, this is {{NAME}}. Looking to optimize digital strategies for Razer Huntsman Elite and Microsoft Surface Pro 8. Could you provide insights on how to effectively reach the target audience and increase sales? Appreciate any advice on social media marketing, email marketing, and other digital channels that can help promote these products. Additionally, would be grateful for information on successful campaigns that have been implemented in the past. Thank you for your assistance.","For these two products: email marketing converts best for the productivity-focused buyer (feature comparison content performs well), while Instagram and TikTok short-form video works best for the gaming-focused audience. I've attached a sample 4-week content calendar for each product with suggested post cadence and ad budget split."
t19_bad,Technical Support,19,bad,"Hi, this is {{NAME}}. Looking to optimize digital strategies for Razer Huntsman Elite and Microsoft Surface Pro 8. Could you provide insights on how to effectively reach the target audience and increase sales? Appreciate any advice on social media marketing, email marketing, and other digital channels that can help promote these products. Additionally, would be grateful for information on successful campaigns that have been implemented in the past. Thank you for your assistance.","Those are pretty different audiences, so a single strategy probably won't serve either one well. I don't have product-specific playbooks handy, but general best practices around channel mix and audience research should get you moving in the right direction."
t20_good,Technical Support,20,good,"Hi, this is {{NAME}}. Our agency is encountering software crashes and connectivity issues. Recent updates might be causing compatibility conflicts. We have restarted devices and reinstalled the software, but the issues persist.",This is a known conflict between your current software version and last week's OS update -- rolling back to the previous stable version resolves it while we finish testing compatibility with the new OS (ETA: 3 days). I've attached the rollback installer with step-by-step instructions; should take about 10 minutes.
t20_bad,Technical Support,20,bad,"Hi, this is {{NAME}}. Our agency is encountering software crashes and connectivity issues. Recent updates might be causing compatibility conflicts. We have restarted devices and reinstalled the software, but the issues persist.","Updates can definitely introduce hiccups like this, especially with older setups. Sounds like you've been thorough with troubleshooting already. I don't have a fix to hand you right now, but I'd hold off on further changes until we know more."
